{
    "available_space": true,
    "id": "g1",
    "size_max": 16.94453525543213,
    "size_mean": 10.845758830799776,
    "size_min": 4.474849700927734,
    "total_size": 184.3779001235962
}