{
    "available_space": true,
    "id": "g1",
    "size_max": 16.94453525543213,
    "size_mean": 9.660937309265137,
    "size_min": 4.474849700927734,
    "total_size": 115.93124771118164
}